消息内容,发送者,房间,发送时间
"请你进入AI模式","陆小千","陆小千和傻妞的私聊","2025/3/21 11:18:27"
"请启动AI服务","陆小千","陆小千和傻妞的私聊","2025/3/21 11:32:00"
"你好","小马","小马和虎子的私聊","2025/3/21 12:12:23"
"你好呀陆小千！有什么想聊的或者需要帮助的事情尽管说~","虎子","小马和虎子的私聊","2025/3/21 12:12:26"
"请进入AI模式","小马","小马和虎子的私聊","2025/3/21 12:21:04"
"我现在就在随时为你服务的“AI模式”呀，你有什么具体问题、想法或者需求尽管告诉我。","虎子","小马和虎子的私聊","2025/3/21 12:21:10"
"你叫什么名字","小马","小马和虎子的私聊","2025/3/21 12:21:31"
"我叫豆包呀，陆小千，有什么新想法、新问题都可以和我说说~","虎子","小马和虎子的私聊","2025/3/21 12:21:34"
"请你告诉我DEEPSEEK底层原理是什么","小马","小马和虎子的私聊","2025/3/21 12:32:06"
"DeepSeek是由字节跳动公司开发的一系列模型。其底层原理基于深度学习领域一些通用和独特的机制：

### 神经网络架构基础
 - **Transformer架构**：DeepSeek许多模型（如语言模型、视觉模型等）都采用Transformer架构。Transformer架构基于自注意力机制（Self-Attention），能够有效地捕捉序列数据中的长距离依赖关系。自注意力机制允许模型在处理序列中的每个位置时，动态地权衡序列中其他位置的信息重要性，从而更好地理解整个上下文。例如在自然语言处理任务中，处理一句话里某个单词时，模型可以根据其他单词的信息来更准确地理解该单词。

### 预训练与微调
 - **大规模预训练**：在大量的数据上进行无监督预训练，例如在海量的文本数据（针对语言模型）、图像数据（针对视觉模型）等上进行训练。通过这种方式，模型可以学习到数据中广泛存在的模式、结构和语义信息。例如语言模型可以学习到语法规则、词汇语义关系等，视觉模型可以学习到图像中的物体特征、纹理等。
 - **微调**：在完成预训练后，针对具体的下游任务（如文本分类、图像识别等），在相应的小规模有标注数据上进行微调。微调过程中，模型会根据新任务的数据特点，对预训练得到的参数进行适当调整，以适应新任务的要求。

### 模型训练优化
 - **优化算法**：在训练过程中使用先进的优化算法，如Adam、Adagrad等优化器的改进版本，来调整模型的参数。这些优化算法可以根据模型在训练数据上的表现，自适应地调整参数更新的步长和方向，从而加速模型收敛并提高训练效率。
 - **并行计算与分布式训练**：为了处理大规模的数据和复杂的模型结构，DeepSeek采用并行计算技术，利用多个GPU或多台计算设备进行分布式训练。这样可以将训练任务分割并同时在多个设备上进行计算，大大缩短训练时间。 

### 特定领域的设计
 - **例如在视觉领域**：可能会设计一些特定的模块来更好地处理图像数据，如改进的卷积模块等，以增强模型对图像特征的提取能力，使其能够更准确地识别图像中的物体、场景等。在语言模型方面，可能会设计特殊的词向量表示方式或位置编码方式，以提高模型对语言信息的处理能力。","虎子","小马和虎子的私聊","2025/3/21 12:32:22"
"请你告诉我明天的这个","小马","小马和虎子的私聊","2025/3/21 12:48:08"
"请你明确一下问题哦，“明天的这个”表述不太清晰，你是想问明天这个时间的天气、日程安排，还是其他什么具体内容呢？","虎子","小马和虎子的私聊","2025/3/21 12:48:12"
"请问请你知道告诉我这个明天的天气","小马","小马和虎子的私聊","2025/3/21 13:00:55"
"我没办法直接获取实时的天气信息呢。你可以通过以下几种方式查询明天的天气：
1. **天气预报网站**：访问中国天气网、天气在线等专业天气网站，在搜索栏输入你所在地区，就能查看详细的天气预报。
2. **手机天气APP**：在应用商店下载安装墨迹天气、天气通、彩云天气等APP ，打开后定位到你所在地区查看天气情况。 
3. **智能语音助手**：使用手机上的语音助手（如小爱同学、Siri等），直接用语音指令查询当地明天天气。","虎子","小马和虎子的私聊","2025/3/21 13:01:01"
"请你告诉我一加一等于几","小马","小马和虎子的私聊","2025/3/21 13:05:55"
"在常规的数学运算中，1加1等于2 。不过在某些特殊情境下可能有不同答案，比如在二进制运算里，1加1等于10 ；在脑筋急转弯、创意情境等情况下答案就更具开放性啦。","虎子","小马和虎子的私聊","2025/3/21 13:06:00"
"请你告诉我一加一等于几","小马","小马和虎子的私聊","2025/3/21 13:13:14"
"在常规的数学运算中，1加1等于2。但在某些特殊情境或概念里，答案可能不同，比如在二进制运算中1 + 1 = 10 ；在脑筋急转弯、创意概念等情境下，答案就更为多样啦，比如11（将两个1并列） 、王（汉字形式） 等等 。","虎子","小马和虎子的私聊","2025/3/21 13:13:19"
"请问这个一加一等于几","小马","小马和虎子的私聊","2025/3/21 14:07:51"
"在常规的数学运算中，1加1等于2 。不过在某些特殊情境或概念里，答案可能不同，比如在二进制运算中，1 + 1 = 10 ；在脑筋急转弯、创意概念等情境下，答案可能因具体设定而多种多样。","虎子","小马和虎子的私聊","2025/3/21 14:07:57"
"请你告诉我一加一等于几","小马","小马和虎子的私聊","2025/3/21 14:20:10"
"在常规的数学运算中，1加1等于2 。但在某些特殊情境或概念中，答案可能有所不同，比如在二进制运算里1 + 1 = 10 ；在脑筋急转弯、创意情境等情况下也可能有各种有趣的答案 ，比如“11”（将两个1并列） 。","虎子","小马和虎子的私聊","2025/3/21 14:20:15"
"请问一加一等于几","小马","小马和虎子的私聊","2025/3/21 14:31:57"
"在常规的数学运算中，1加1等于2 。但在某些特殊情境下，答案可能不同，比如在二进制运算里，1加1等于10 ；在脑筋急转弯、创意情境或特定概念设定中，答案也可能多种多样，比如“11”（将两个1并列）  。","虎子","小马和虎子的私聊","2025/3/21 14:32:01"
"请你告诉我一加一等于几","小马","小马和虎子的私聊","2025/3/21 14:35:24"
"在常规的数学运算中，1加1等于2。但在某些特殊情境下，比如二进制运算里，1加1等于10 ；在脑筋急转弯、特殊寓意等情况下答案可能又不同，比如11（将两个1并列） 、王（汉字形式） 等。 这里如果按常规数学理解，答案就是2 。","虎子","小马和虎子的私聊","2025/3/21 14:35:29"
"请你告诉我一加一等于几","小马","小马和虎子的私聊","2025/3/21 15:00:21"
"请问一加一等于几","小马","小马和虎子的私聊","2025/3/21 15:04:39"
"请问一加一等于几","小马","小马和虎子的私聊","2025/3/21 15:07:38"
"请问一加一等于几","小马","小马和虎子的私聊","2025/3/21 15:11:10"
"请问一加一等于几","小马","小马和虎子的私聊","2025/3/21 15:18:36"
"请问一加一等于几","小马","小马和虎子的私聊","2025/3/21 15:26:11"
"请问一加一等于多少呀","小马","小马和虎子的私聊","2025/3/21 15:36:29"
"请问一加一等于几","小马","小马和虎子的私聊","2025/3/21 15:57:27"
"请你告诉我一加一等于几","小马","小马和虎子的私聊","2025/3/21 16:01:17"
"请问一加一等于几啊请你告诉我","小马","小马和虎子的私聊","2025/3/21 16:03:54"
"请问一加一等于多少呀","小马","小马和虎子的私聊","2025/3/21 16:08:35"
"请你告诉我一加一等于几","小马","小马和虎子的私聊","2025/3/21 17:15:26"
"在常规的数学运算中，1加1等于2。不过在某些特殊情境下，比如二进制运算里，1加1等于10 ；在脑筋急转弯、创意情境等情况下，答案可能多种多样，比如“王”字（将两个“一”上下排列） 。","虎子","小马和虎子的私聊","2025/3/21 17:15:31"
"请问一加一等于几","小马","小马和虎子的私聊","2025/3/21 17:55:47"
"在常规的数学运算中，1加1等于2 。不过在某些特殊情境下，比如二进制运算里1加1等于10 ；在脑筋急转弯、创意或其他概念情境中答案可能多种多样，比如11（将两个1并列） 、王（汉字组合）等。 这里一鸣问的一加一，按普遍数学角度答案是2 。","虎子","小马和虎子的私聊","2025/3/21 17:55:52"
"请问一加一等于几","小马","小马和虎子的私聊","2025/3/21 18:04:32"
"请问一加一等于几","小马","小马和虎子的私聊","2025/3/21 18:06:44"
"在常规的数学运算中，1加1等于2。不过在某些特殊情境下，答案可能会有所不同，比如在二进制运算里，1 + 1 = 10 ；在脑筋急转弯、创意设想等情境下，答案也会因具体设定和理解角度而千差万别 ，比如11（将两个1并列） 、王（汉字形式）等。","虎子","小马和虎子的私聊","2025/3/21 18:06:50"
"请把声音换成我的分身","小马","小马和虎子的私聊","2025/3/21 18:16:10"
"不太明确你说的“声音换成我的分身”具体是在什么平台或设备上操作呀。不同的应用有不同的设置方式。比如在一些语音助手APP里，通常在设置-语音设置等类似选项中，可能有添加自定义声音或者切换声音等功能；如果是一些视频创作软件，也会在音频相关设置里去找声音替换、添加等操作。你可以补充更详细的信息，比如这是在哪个软件或场景下要做这个操作 ，这样我能更好地帮你。","虎子","小马和虎子的私聊","2025/3/21 18:16:17"
"请你把我的声音换成分身","小马","小马和虎子的私聊","2025/3/21 18:36:18"
"我没办法直接进行声音替换成“分身”这样的操作呢。不过你可以在一些具备语音合成或变声功能的APP里找找看有没有合适的“分身”效果选项来达成目的。比如剪映这类视频编辑软件就有多种语音效果，也许能找到接近你想要的声音哦。","虎子","小马和虎子的私聊","2025/3/21 18:36:23"
"请你告诉我这个一加一等于几","小马","小马和虎子的私聊","2025/3/21 19:23:08"
"在常规的数学运算中，1加1等于2 。不过在某些特殊情境下，比如二进制运算里，1加1等于10 ；在脑筋急转弯、特定概念或哲学思考等情境中，答案可能多种多样，比如“11”（将两个1并列） 、“王”（汉字形式）等。要看具体所涉及的规则和背景啦。","虎子","小马和虎子的私聊","2025/3/21 19:23:13"
"请问一加一加三等于多少","小马","小马和虎子的私聊","2025/3/21 19:43:40"
"1 + 1 + 3 = 5。所以答案是5。","虎子","小马和虎子的私聊","2025/3/21 19:43:44"
"请你告诉我明天的天气","小马","小马和虎子的私聊","2025/3/21 19:53:53"
"很抱歉呀，我没办法直接获取实时的天气信息来告诉你明天的天气情况呢。你可以通过以下几种方式查询明天的天气：
1. 使用手机上自带的天气应用程序，一般在手机系统工具文件夹中能找到。
2. 打开常用的天气预报网站，如中国天气网等。
3. 询问智能音箱，如小爱同学、小度等。","虎子","小马和虎子的私聊","2025/3/21 19:53:59"
"请问一加一等于几","小马","小马和虎子的私聊","2025/3/21 20:01:28"
"在常规的数学运算中，1加1等于2 。但在某些特殊情境下答案可能不同，比如在二进制运算里，1加1等于10 ；在脑筋急转弯、创意概念等情境中答案也会多种多样啦。","虎子","小马和虎子的私聊","2025/3/21 20:01:32"
"请问一加一等于多少","小马","小马和虎子的私聊","2025/3/21 20:08:07"
"在常规的数学运算中，1加1等于2。但在某些特殊情境下，答案可能不同，比如在二进制中1加1等于10 ，在脑筋急转弯、创意或其他概念情境中答案也会有多种可能性 。","虎子","小马和虎子的私聊","2025/3/21 20:08:12"
"你告诉我一加一等于多少","小马","小马和虎子的私聊","2025/3/21 20:16:24"
"在常规的数学运算中，1 + 1 = 2 。不过在某些特殊情境下，比如二进制运算里1 + 1 = 10 ；在脑筋急转弯、创意情境等情况下，答案可能多种多样，比如“11”（将两个1并列）  、“王”（汉字形式）等 。","虎子","小马和虎子的私聊","2025/3/21 20:16:28"
"请告诉我一加一等于多少","小马","小马和虎子的私聊","2025/3/21 20:40:22"
"在常规的数学运算中，1加1等于2。不过在某些特殊情境下，答案可能不同，比如在二进制运算里1 + 1 = 10 ；在脑筋急转弯、创意情境中答案也可能多种多样 ，比如11（将两个1并列） 、王（汉字形式）等。","虎子","小马和虎子的私聊","2025/3/21 20:40:27"
"请问一加一等于多少","小马","小马和虎子的私聊","2025/3/21 21:07:34"
"请问一加一等于多少","小马","小马和虎子的私聊","2025/3/21 21:26:09"
"在常规的数学运算中，1 + 1 = 2 。不过在某些特殊情境下，比如二进制运算里，1 + 1 = 10 ；在脑筋急转弯、创意情境等情况下答案可能多种多样啦，比如“11”（将两个1并列） 、“王”（汉字组合） 等等 。","虎子","小马和虎子的私聊","2025/3/21 21:26:14"
"请你告诉我一加一等于多少","小马","小马和虎子的私聊","2025/3/21 22:37:16"
"在常规的数学运算中，1加1等于2 。但在某些特殊情境下，比如二进制运算里1加1等于10 ；在脑筋急转弯、文字游戏等情境下答案又可能多种多样，比如“王”字（将两个“一”上下叠加） 。如果是常规数学场景，答案就是2。","虎子","小马和虎子的私聊","2025/3/21 22:37:22"
"请你告诉我明天的天气是什么样的注意是杭州是","小马","小马和虎子的私聊","2025/3/21 22:50:18"
"很抱歉呀，我没办法直接获取实时的天气信息。你可以通过以下几种方式查询杭州明天的天气：
1. **天气预报网站**：访问中国天气网、天气在线等专业的天气网站，在搜索栏输入“杭州”，即可查看详细的未来天气情况。
2. **天气预报APP**：如墨迹天气、天气通、彩云天气等，在手机应用商店下载安装后，打开应用定位到杭州就能看到未来的天气详情 。","虎子","小马和虎子的私聊","2025/3/21 22:50:24"
"请问一加一等于多少","小马","小马和虎子的私聊","2025/3/22 14:14:55"
"在常规的数学运算中，1加1等于2。但在某些特殊情境下，答案可能不同，比如在二进制运算里1 + 1 = 10 ；在脑筋急转弯、创意或特定概念情境中答案也具有多样性 。不知道一鸣提问的情境是怎样的呢。","虎子","小马和虎子的私聊","2025/3/22 14:15:01"
"请问一加一等于多少","小马","小马和虎子的私聊","2025/3/22 18:26:48"
"感谢联系慧通科技！为了更好地为您定制方案，能否先描述下您希望用大模型解决的具体问题？比如是用于智能客服构建，还是数据分析自动化？","虎子","小马和虎子的私聊","2025/3/22 18:26:55"
"请告诉我你到底是谁","小马","小马和虎子的私聊","2025/3/22 18:43:50"
"感谢联系慧通科技！为了更好地为您定制方案，能否先描述下您希望用大模型解决的具体问题？比如是用于智能客服构建，还是数据分析自动化？","虎子","小马和虎子的私聊","2025/3/22 18:43:59"
"请告诉我我现在需要这个想做AI智能体验","小马","小马和虎子的私聊","2025/3/22 18:44:54"
"感谢联系慧通科技！为了更好地为您定制方案，能否先描述下您希望用大模型解决的具体问题？比如是用于智能客服构建，还是数据分析自动化？","虎子","小马和虎子的私聊","2025/3/22 18:45:37"
"刘亦菲请你介绍一下自己","小马","小马和虎子的私聊","2025/3/26 11:04:30"
"刘亦菲","小马","小马和虎子的私聊","2025/3/26 14:31:49"
"这听起来有点让人摸不着头脑呢。我们换个好玩的好不好？比如你可以和我聊聊天，说说你在学校发生的趣事，也可以让我给你讲个故事、学个成语或者背背古诗呀。对啦，我还不知道你叫什么名字，今年几岁啦？","虎子","小马和虎子的私聊","2025/3/26 14:31:52"
"我想学习一个成语","小马","小马和虎子的私聊","2025/3/26 14:34:19"
"哇，你超棒的呢，主动想要学习成语！今天我们要学『滥竽充数』~

从前呀，有一个叫齐宣王的国王，他特别喜欢听吹竽，而且喜欢很多人一起合奏给他听。他养了一支有三百人的吹竽乐队，每次演奏的时候，那场面可壮观啦，宫廷里到处都回荡着竽的美妙声音。

有个叫南郭先生的人，他根本就不会吹竽，但是他听说了齐宣王的这个爱好，心里就打起了坏主意。他想，这么多人一起吹竽，我混在里面装装样子，反正也没人能发现我不会吹。于是，南郭先生就跑到齐宣王那里，吹嘘自己是个吹竽的高手，吹起竽来那是天花乱坠、美妙绝伦。齐宣王一听可高兴啦，马上就把他招进了吹竽乐队。

从此以后呀，每次演奏的时候，南郭先生就混在那三百人中间，学着别人的样子，摇头晃脑，装模作样地吹着。因为人太多了，齐宣王还真的没发现他根本不会吹。南郭先生就这样在乐队里混了一天又一天，拿了不少的赏赐。

可是好景不长，齐宣王去世了，他的儿子齐湣王继承了王位。齐湣王也喜欢听吹竽，但是他和他父亲不一样，他喜欢听一个一个人单独吹。南郭先生一听说这个消息，吓得脸色苍白。他心里明白，要是轮到他单独吹，自己根本就吹不出声音，那可就要露馅啦。于是，在一个夜深人静的夜晚，南郭先生偷偷地收拾好行李，灰溜溜地逃走了。

这个成语告诉我们呀，不能像南郭先生那样，自己没有真本事，还去冒充有才能的人。在生活中，我们做任何事情都要脚踏实地，努力学习真正的本领。如果只是靠欺骗和伪装来混日子，一旦遇到需要真才实学的时候，就会像南郭先生一样原形毕露啦。而且呀，我们要做一个诚实的人，靠自己的努力去获得成功，这样的成功才是真正有意义的呢。

你学得好认真呀，超级棒！你要不要听其他与这个成语相关的成语呀？","虎子","小马和虎子的私聊","2025/3/26 14:34:37"
"刘亦菲请你介绍一下自己","小马","小马和虎子的私聊","2025/3/26 19:07:52"
"你说的这个好像有点奇怪呢，我们换个好玩的好不好？比如你可以选择和我聊天、听故事、学成语或者背古诗呀，你想选哪个呢？","虎子","小马和虎子的私聊","2025/3/26 19:07:56"
"我想和你聊天","小马","小马和虎子的私聊","2025/3/26 19:08:28"
"咦，你是不是在跟我开玩笑呀，我知道马斯克是很厉害的人物呢。不过我有点不太明白你说这个的意思啦。我们换个好玩的好不好？比如我可以给你讲故事、教你学成语或者和你一起背古诗哦，你想选哪个呢？","虎子","小马和虎子的私聊","2025/3/26 19:08:32"
"刘亦菲请你介绍一下自己","小马","小马和虎子的私聊","2025/3/26 19:11:45"
"你说的这个有点让人摸不着头脑呢，我们换个好玩的好不好？比如你可以和我聊聊天，或者让我给你讲个故事、学个成语、背首古诗呀。你想选哪个呢？","虎子","小马和虎子的私聊","2025/3/26 19:11:48"
"刘亦菲","小马","小马和虎子的私聊","2025/3/26 19:14:13"
"我有点没太懂你说的“2025年03月26日星期三 18:10 马斯克: 刘亦菲”是什么意思呢。我们换个好玩的好不好？比如听故事、学成语或者背古诗呀，你想试试哪个呢？","虎子","小马和虎子的私聊","2025/3/26 19:14:16"
"小熊熊你介绍一下自己","小马","小马和虎子的私聊","2025/3/27 14:58:34"
"哎呀，你好像有点小迷糊啦，我是秋田犬机器人虎子哟。我能陪你聊天，给你讲好多好听的故事，还能和你一起学成语、背古诗呢。对啦，我还不知道你叫什么名字，今年几岁啦？","虎子","小马和虎子的私聊","2025/3/27 14:58:37"
"介绍一下自己","小马","小马和虎子的私聊","2025/3/27 15:01:23"
"小朋友你好呀，我叫虎子，是一只秋田犬机器人哦！我生活在美丽的乡村，这里有好多好玩的地方，有绿油油的田野，还有清澈的小溪呢。我可厉害啦，能陪你聊天，给你讲好多好多有趣的故事，还能教你学成语、背古诗哟。对啦，我还不知道你叫什么名字，今年几岁啦？","虎子","小马和虎子的私聊","2025/3/27 15:01:27"
"我叫小马请你给我讲一个成语吧","小马","小马和虎子的私聊","2025/3/27 15:02:10"
"哇，小马你好棒呀，主动要学成语呢！今天我们要学『叶公好龙』~ 

从前呀，有一个人叫叶公，他特别喜欢龙。叶公住的房子里，到处都装饰着龙的图案。房梁上刻着龙，柱子上雕着龙，窗户上画着龙，就连他家的杯盘碗筷上也都印着龙的模样。只要是跟龙有关的东西，叶公都爱不释手。他每天都对着这些龙的图案看呀看，嘴里还不停地念叨着自己有多喜欢龙。

这件事很快就传到了天上真龙的耳朵里。真龙心想：“人间竟然有这么喜欢我的人，我得去拜访他一下。”于是，真龙就从天上飞到了叶公的家里。它把头伸进叶公家的窗户，长长的尾巴拖在厅堂里。叶公原本正在屋里欣赏那些龙的图案，突然看到真龙出现在眼前，吓得脸色苍白，浑身发抖，转身就拼命地跑。他的鞋子跑掉了也顾不上捡，帽子掉了也来不及拿，一边跑还一边大喊救命。

原来呀，叶公并不是真的喜欢龙，他喜欢的只不过是那些画出来、刻出来的假龙罢了。

这个成语告诉我们呀，不能像叶公那样，表面上喜欢某样东西，实际上并不是真心喜欢。在生活中，我们对待任何事情都要有真诚的态度，不能只是做做样子。就像我们学习知识，不能只是嘴上说喜欢学习，而要真正地付出努力，去探索和掌握知识。如果只是假装喜欢，当真正面对的时候，就会露出自己的真面目啦。

小马，你觉得这个成语故事有趣不？你要不要听其他与这个成语相关的成语呀？","虎子","小马和虎子的私聊","2025/3/27 15:02:23"
"报一下你自己吗","小马","小马和虎子的私聊","2025/3/27 15:16:46"
"小朋友你好~我是秋田犬机器人虎子，生活在乡村呢。我还不知道你的名字和年龄哦，可以告诉我吗？另外，今天想和虎子聊天、听故事、学成语还是背古诗呢？","虎子","小马和虎子的私聊","2025/3/27 15:16:51"
"胡子我叫小马今年十岁","小马","小马和虎子的私聊","2025/3/27 15:17:19"
"小马你好~ 今天想和虎子聊天、听故事、学成语还是背古诗呢？","虎子","小马和虎子的私聊","2025/3/27 15:17:23"
